Muestra,x1,x2,Prob_Maligna (0),Prob_Benigna (1),Etiqueta_Real,Predicción
1,0.22989490873799226,0.27997304337996515,0.9991640480732922,0.0008359519267078087,0,0
2,0.7888670619383397,-0.35212882911832394,0.0001080425158821452,0.9998919574841179,1,1
3,-0.9696794030421989,-0.20288627283452876,1.3998602262921267e-06,0.9999986001397737,1,1
4,0.1199710765255684,-0.9283417785844247,2.4904144149129337e-06,0.9999975095855851,1,1
5,-0.029392934905949755,0.007059295199763234,0.9999044046056276,9.559539437237947e-05,0,0
6,-0.7201456548874615,-0.47468818584641637,1.795816617178314e-05,0.9999820418338282,1,1
7,0.19565939333579632,0.01822762970967865,0.9997838323520734,0.00021616764792665674,0,0
8,0.5666892733764207,-0.34692417551882737,0.04306349135756615,0.9569365086424338,1,1
9,0.8912432813735285,-0.07569241813782965,2.0435130223539488e-05,0.9999795648697765,1,1
10,-0.0417724075687544,-0.45176310506491635,0.8060969072916498,0.19390309270835013,0,0
11,-0.4120873517233197,-0.5416378414411582,0.0012506099398401638,0.9987493900601598,1,1
12,0.17660050289439863,0.8056432158161946,3.041397063208162e-05,0.9999695860293679,1,1
13,0.24245552426733283,-0.07589696126425984,0.9994953488868284,0.0005046511131715014,0,0
14,-0.6915927056990774,0.5472029786477941,2.684354903348396e-05,0.9999731564509665,1,1
15,-0.08214637846446289,-0.2995304905193108,0.998186850775141,0.0018131492248590008,0,0
16,0.10524034616013747,0.2803998015352364,0.9994923138851364,0.0005076861148636801,0,0
17,0.26016682551106163,-0.7695213072444003,0.00010721980997696612,0.999892780190023,1,1
18,0.05382050094958357,-0.0035778917547412727,0.9998858019325703,0.0001141980674297018,0,0
19,-0.1441686440799556,-0.21687327630213543,0.9994743168489959,0.0005256831510040764,0,0
20,0.24076575554726598,0.6308604543287524,0.0035988882069857286,0.9964011117930143,1,1
21,0.0021012234571289316,0.018325137078864344,0.9998973908253538,0.00010260917464620843,0,0
22,0.697986476785377,-0.14559482848684094,0.0031323670966196815,0.9968676329033803,1,1
23,0.7469447076379104,0.6288711865732539,3.2902538213308574e-05,0.9999670974617867,1,1
24,0.6869450992601418,0.6737247682884631,4.512576540083302e-05,0.9999548742345992,1,1
25,-0.5688836872431711,0.5217709679896941,0.00044302941618590275,0.9995569705838141,1,1
26,0.48872779052440274,-0.5917387406238757,0.0016095074129022224,0.9983904925870978,1,1
27,-0.258322249990186,-0.5663609987835465,0.009231632334229967,0.99076836766577,1,1
28,-0.03857322932039025,0.08653178251475438,0.999901960550513,9.803944948707453e-05,0,0
29,-0.7340098918012337,-0.04065713864028793,0.0005167423908823965,0.9994832576091176,1,1
30,-0.2464437359233598,-0.130746311522655,0.9996041870967103,0.0003958129032897287,0,0
31,-0.18381422522729735,0.9337981821797425,2.8471340749458562e-06,0.999997152865925,1,1
32,0.024387862072364448,-0.4447502257260674,0.8935397765900486,0.10646022340995141,0,0
33,-0.06910205787096771,-0.17261157212290434,0.9997909132247117,0.00020908677528829012,0,0
34,-0.18001584028428663,0.18606473293155873,0.9996281115933676,0.00037188840663238186,0,0
35,-0.11256946792213791,0.26696691958886953,0.9995055890128062,0.0004944109871938036,0,0
36,-0.014195587595429122,-0.07038228536664765,0.9998961969639025,0.00010380303609745045,0,0
37,-0.13320953327052107,0.18254809842836317,0.9997618991075038,0.00023810089249619643,0,0
38,0.015069275593780705,-0.12673008909113495,0.999857841206734,0.00014215879326594125,0,0
39,-0.6236821240516689,-0.29790985037825324,0.004339344450532634,0.9956606555494674,1,1
40,0.22935317868923885,0.2636875074440924,0.9993016398612093,0.0006983601387905994,0,0
